"befmid","aftmid"
0.638669150619272,0.361330849380728
0.772431077694236,0.227568922305764
